delay_minutes,train_type,tsr_active,headway_seconds,conflict_likelihood,section_id,block_length_km
11,passenger,Y,303,0.74,SEC007,145
0,passenger,N,303,0.74,SEC007,145
7,passenger,N,303,0.98,SEC007,145
0,passenger,N,303,0.94,SEC007,145
0,passenger,N,303,0.82,SEC007,145
0,passenger,Y,303,0.77,SEC007,145
13,passenger,N,303,0.79,SEC007,145
0,passenger,N,303,0.72,SEC007,145
0,passenger,N,303,0.94,SEC007,145
8,passenger,N,303,0.77,SEC007,145
0,passenger,N,303,0.72,SEC007,145
0,passenger,N,303,0.81,SEC007,145
0,passenger,N,303,0.99,SEC007,145
0,passenger,N,303,0.75,SEC007,145
0,passenger,N,303,0.99,SEC007,145
0,passenger,N,303,0.88,SEC007,145
0,passenger,N,303,0.98,SEC007,145
0,passenger,N,303,0.84,SEC007,145
0,passenger,N,303,0.91,SEC007,145
0,passenger,N,303,0.91,SEC007,145
0,passenger,N,303,0.87,SEC007,145
0,passenger,Y,303,0.96,SEC007,145
0,passenger,N,303,0.81,SEC007,145
12,passenger,N,303,0.75,SEC007,145
0,passenger,N,303,0.96,SEC007,145
0,passenger,Y,303,0.76,SEC007,145
0,passenger,Y,303,0.78,SEC007,145
18,passenger,N,303,0.97,SEC007,145
0,passenger,N,303,0.76,SEC007,145
9,passenger,N,303,0.96,SEC007,145
0,passenger,N,303,0.77,SEC007,145
14,passenger,N,303,0.9,SEC007,145
20,passenger,N,303,0.72,SEC007,145
0,passenger,Y,303,0.95,SEC007,145
0,passenger,N,303,0.97,SEC007,145
10,passenger,N,303,0.92,SEC007,145
0,passenger,N,303,0.86,SEC007,145
0,passenger,Y,303,0.84,SEC007,145
0,passenger,N,303,0.83,SEC007,145
0,passenger,N,303,0.93,SEC007,145
23,passenger,N,303,0.97,SEC007,145
0,passenger,N,303,0.98,SEC007,145
3,passenger,N,303,0.95,SEC007,145
0,passenger,Y,303,0.81,SEC007,145
21,passenger,Y,303,0.77,SEC007,145
0,passenger,N,303,0.88,SEC007,145
17,passenger,Y,303,0.74,SEC007,145
0,passenger,Y,303,0.74,SEC007,145
0,passenger,N,303,0.86,SEC007,145
0,passenger,N,303,0.82,SEC007,145
12,suburban,N,575,0.95,SEC018,62
0,suburban,N,575,0.86,SEC018,62
0,suburban,N,575,0.92,SEC018,62
0,suburban,Y,575,0.74,SEC018,62
8,suburban,N,575,0.9299999999999999,SEC018,62
0,suburban,N,575,0.71,SEC018,62
0,suburban,N,575,0.94,SEC018,62
0,suburban,N,575,0.85,SEC018,62
23,suburban,N,575,1.0,SEC018,62
13,suburban,N,575,1.0,SEC018,62
12,suburban,N,575,0.99,SEC018,62
9,suburban,N,575,0.75,SEC018,62
6,suburban,Y,575,0.82,SEC018,62
0,suburban,N,575,0.96,SEC018,62
8,suburban,N,575,1.0,SEC018,62
5,suburban,N,575,0.79,SEC018,62
18,suburban,N,575,1.0,SEC018,62
7,suburban,N,575,0.82,SEC018,62
0,suburban,N,575,0.81,SEC018,62
0,suburban,N,575,0.89,SEC018,62
0,suburban,N,575,0.71,SEC018,62
0,suburban,N,575,0.95,SEC018,62
0,suburban,N,575,0.81,SEC018,62
9,suburban,N,575,0.97,SEC018,62
7,suburban,Y,575,0.94,SEC018,62
6,suburban,N,575,0.96,SEC018,62
0,suburban,N,575,0.79,SEC018,62
0,suburban,N,575,0.93,SEC018,62
5,suburban,N,575,1.0,SEC018,62
0,suburban,N,575,0.99,SEC018,62
0,suburban,N,575,0.72,SEC018,62
9,suburban,N,575,1.0,SEC018,62
0,suburban,N,575,0.86,SEC018,62
14,suburban,Y,575,1.0,SEC018,62
0,suburban,N,575,0.71,SEC018,62
0,suburban,N,575,0.95,SEC018,62
0,suburban,Y,575,0.93,SEC018,62
0,suburban,N,575,0.8,SEC018,62
0,suburban,N,575,0.82,SEC018,62
18,suburban,N,575,1.0,SEC018,62
0,suburban,N,575,0.93,SEC018,62
6,suburban,N,575,0.73,SEC018,62
7,suburban,N,575,0.75,SEC018,62
3,suburban,Y,575,0.84,SEC018,62
4,suburban,N,575,0.73,SEC018,62
5,suburban,N,575,1.0,SEC018,62
13,suburban,N,575,1.0,SEC018,62
0,suburban,N,575,0.76,SEC018,62
0,suburban,N,575,0.85,SEC018,62
0,suburban,N,575,0.81,SEC018,62
0,passenger,N,534,0.82,SEC011,97
0,passenger,Y,534,0.9,SEC011,97
0,passenger,N,534,0.89,SEC011,97
0,passenger,N,534,0.82,SEC011,97
0,passenger,N,534,0.83,SEC011,97
0,passenger,N,534,0.82,SEC011,97
0,passenger,N,534,0.75,SEC011,97
0,passenger,Y,534,0.81,SEC011,97
0,passenger,N,534,0.95,SEC011,97
0,passenger,N,534,0.79,SEC011,97
0,passenger,N,534,0.72,SEC011,97
0,passenger,N,534,0.81,SEC011,97
0,passenger,N,534,0.91,SEC011,97
0,passenger,N,534,0.89,SEC011,97
0,passenger,N,534,0.75,SEC011,97
0,passenger,N,534,0.97,SEC011,97
9,passenger,N,534,0.8,SEC011,97
0,passenger,N,534,0.76,SEC011,97
5,passenger,N,534,0.84,SEC011,97
0,passenger,Y,534,0.91,SEC011,97
0,passenger,N,534,0.77,SEC011,97
0,passenger,N,534,0.99,SEC011,97
0,passenger,N,534,0.74,SEC011,97
0,passenger,N,534,1.0,SEC011,97
0,passenger,Y,534,0.71,SEC011,97
0,passenger,N,534,0.73,SEC011,97
21,passenger,N,534,0.73,SEC011,97
0,passenger,N,534,0.9,SEC011,97
0,passenger,N,534,0.79,SEC011,97
0,passenger,N,534,0.97,SEC011,97
0,passenger,N,534,0.95,SEC011,97
0,passenger,N,534,0.8,SEC011,97
0,passenger,N,534,0.95,SEC011,97
0,passenger,N,534,0.87,SEC011,97
0,passenger,Y,534,0.9,SEC011,97
14,passenger,N,534,0.98,SEC011,97
0,passenger,N,534,0.78,SEC011,97
0,passenger,N,534,0.72,SEC011,97
0,passenger,N,534,0.74,SEC011,97
10,passenger,N,534,0.88,SEC011,97
0,passenger,N,534,0.95,SEC011,97
0,passenger,N,534,0.95,SEC011,97
0,passenger,N,534,0.9,SEC011,97
0,passenger,N,534,0.88,SEC011,97
0,passenger,N,534,0.82,SEC011,97
0,passenger,N,534,0.79,SEC011,97
0,passenger,N,534,0.92,SEC011,97
18,passenger,Y,534,0.74,SEC011,97
0,passenger,Y,534,0.76,SEC011,97
0,passenger,N,534,0.82,SEC011,97
9,suburban,N,600,1.0,SEC010,109
10,suburban,N,600,0.81,SEC010,109
0,suburban,N,600,0.83,SEC010,109
0,suburban,Y,600,0.97,SEC010,109
7,suburban,N,600,0.86,SEC010,109
6,suburban,Y,600,0.98,SEC010,109
10,suburban,Y,600,1.0,SEC010,109
0,suburban,N,600,0.76,SEC010,109
23,suburban,N,600,1.0,SEC010,109
0,suburban,Y,600,0.81,SEC010,109
2,suburban,N,600,0.84,SEC010,109
18,suburban,N,600,1.0,SEC010,109
0,suburban,N,600,0.74,SEC010,109
0,suburban,N,600,0.99,SEC010,109
0,suburban,N,600,0.8,SEC010,109
11,suburban,N,600,0.72,SEC010,109
12,suburban,Y,600,0.99,SEC010,109
0,suburban,N,600,0.92,SEC010,109
4,suburban,N,600,0.93,SEC010,109
0,suburban,N,600,0.8,SEC010,109
0,suburban,N,600,0.76,SEC010,109
4,suburban,Y,600,0.79,SEC010,109
9,suburban,N,600,0.87,SEC010,109
6,suburban,N,600,0.88,SEC010,109
8,suburban,N,600,1.0,SEC010,109
16,suburban,N,600,1.0,SEC010,109
0,suburban,N,600,0.84,SEC010,109
5,suburban,N,600,1.0,SEC010,109
5,suburban,N,600,0.83,SEC010,109
8,suburban,N,600,1.0,SEC010,109
10,suburban,N,600,1.0,SEC010,109
8,suburban,N,600,1.0,SEC010,109
0,suburban,N,600,0.91,SEC010,109
0,suburban,N,600,0.72,SEC010,109
0,suburban,N,600,0.79,SEC010,109
0,suburban,N,600,0.96,SEC010,109
2,suburban,N,600,0.73,SEC010,109
19,suburban,N,600,1.0,SEC010,109
1,suburban,N,600,0.9,SEC010,109
0,suburban,N,600,0.87,SEC010,109
0,suburban,N,600,0.77,SEC010,109
0,suburban,Y,600,0.93,SEC010,109
0,suburban,N,600,0.77,SEC010,109
2,suburban,N,600,0.94,SEC010,109
0,suburban,N,600,0.96,SEC010,109
12,suburban,N,600,0.9299999999999999,SEC010,109
15,suburban,N,600,1.0,SEC010,109
4,suburban,N,600,0.78,SEC010,109
6,suburban,N,600,0.95,SEC010,109
8,suburban,N,600,0.96,SEC010,109
8,passenger,N,483,0.7,SEC013,137
8,passenger,Y,483,0.97,SEC013,137
8,passenger,N,483,0.75,SEC013,137
8,passenger,N,483,0.71,SEC013,137
13,passenger,N,483,0.8,SEC013,137
8,passenger,N,483,0.95,SEC013,137
8,passenger,N,483,0.88,SEC013,137
16,passenger,N,483,0.71,SEC013,137
0,passenger,N,483,0.71,SEC013,137
8,passenger,N,483,0.93,SEC013,137
8,passenger,N,483,0.74,SEC013,137
8,passenger,N,483,0.88,SEC013,137
8,passenger,N,483,0.9,SEC013,137
5,passenger,N,483,0.83,SEC013,137
15,passenger,N,483,1.0,SEC013,137
8,passenger,N,483,0.86,SEC013,137
8,passenger,N,483,0.96,SEC013,137
8,passenger,N,483,0.97,SEC013,137
8,passenger,N,483,0.9,SEC013,137
18,passenger,N,483,0.92,SEC013,137
8,passenger,N,483,0.88,SEC013,137
19,passenger,N,483,0.97,SEC013,137
11,passenger,N,483,0.96,SEC013,137
34,passenger,Y,483,0.99,SEC013,137
8,passenger,N,483,0.84,SEC013,137
8,passenger,Y,483,0.77,SEC013,137
0,passenger,N,483,0.89,SEC013,137
0,passenger,Y,483,0.73,SEC013,137
8,passenger,N,483,0.82,SEC013,137
8,passenger,N,483,0.73,SEC013,137
8,passenger,N,483,0.92,SEC013,137
8,passenger,N,483,0.71,SEC013,137
8,passenger,Y,483,0.93,SEC013,137
8,passenger,N,483,0.92,SEC013,137
8,passenger,N,483,0.7,SEC013,137
8,passenger,Y,483,0.99,SEC013,137
13,passenger,N,483,0.76,SEC013,137
13,passenger,N,483,0.75,SEC013,137
8,passenger,N,483,0.93,SEC013,137
8,passenger,N,483,0.81,SEC013,137
20,passenger,Y,483,0.7,SEC013,137
0,passenger,N,483,0.84,SEC013,137
8,passenger,N,483,0.87,SEC013,137
8,passenger,N,483,0.78,SEC013,137
8,passenger,N,483,1.0,SEC013,137
8,passenger,N,483,0.79,SEC013,137
8,passenger,N,483,0.72,SEC013,137
8,passenger,N,483,0.84,SEC013,137
8,passenger,Y,483,0.98,SEC013,137
8,passenger,N,483,0.72,SEC013,137
0,freight,N,454,0.93,SEC002,90
0,freight,N,454,0.97,SEC002,90
8,freight,Y,454,0.81,SEC002,90
0,freight,N,454,0.95,SEC002,90
0,freight,N,454,0.76,SEC002,90
0,freight,N,454,0.87,SEC002,90
0,freight,N,454,0.82,SEC002,90
0,freight,N,454,0.73,SEC002,90
0,freight,N,454,0.7,SEC002,90
0,freight,N,454,0.85,SEC002,90
7,freight,N,454,0.81,SEC002,90
0,freight,N,454,0.91,SEC002,90
0,freight,N,454,0.9,SEC002,90
4,freight,N,454,0.85,SEC002,90
0,freight,N,454,0.73,SEC002,90
0,freight,N,454,0.83,SEC002,90
0,freight,N,454,0.95,SEC002,90
0,freight,Y,454,0.73,SEC002,90
0,freight,N,454,0.9,SEC002,90
0,freight,N,454,0.79,SEC002,90
0,freight,N,454,0.96,SEC002,90
0,freight,N,454,0.73,SEC002,90
0,freight,N,454,0.95,SEC002,90
15,freight,N,454,0.93,SEC002,90
0,freight,N,454,0.7,SEC002,90
0,freight,N,454,0.74,SEC002,90
15,freight,N,454,0.96,SEC002,90
0,freight,N,454,0.79,SEC002,90
0,freight,N,454,0.7,SEC002,90
0,freight,N,454,0.98,SEC002,90
0,freight,N,454,0.89,SEC002,90
0,freight,N,454,0.83,SEC002,90
0,freight,N,454,0.81,SEC002,90
0,freight,N,454,0.96,SEC002,90
0,freight,N,454,0.8,SEC002,90
0,freight,N,454,0.72,SEC002,90
0,freight,Y,454,0.92,SEC002,90
0,freight,N,454,0.95,SEC002,90
0,freight,N,454,0.99,SEC002,90
0,freight,N,454,0.97,SEC002,90
20,freight,N,454,0.87,SEC002,90
0,freight,Y,454,0.86,SEC002,90
10,freight,N,454,0.77,SEC002,90
0,freight,N,454,0.77,SEC002,90
0,freight,N,454,0.72,SEC002,90
0,freight,N,454,0.86,SEC002,90
0,freight,N,454,0.91,SEC002,90
0,freight,Y,454,0.93,SEC002,90
0,freight,N,454,0.72,SEC002,90
12,freight,N,454,0.8,SEC002,90
0,suburban,Y,241,0.82,SEC004,125
5,suburban,N,241,0.87,SEC004,125
0,suburban,Y,241,0.84,SEC004,125
0,suburban,N,241,0.83,SEC004,125
0,suburban,N,241,0.7,SEC004,125
0,suburban,N,241,0.82,SEC004,125
0,suburban,N,241,0.96,SEC004,125
3,suburban,N,241,0.86,SEC004,125
0,suburban,N,241,0.74,SEC004,125
0,suburban,N,241,0.84,SEC004,125
0,suburban,N,241,0.89,SEC004,125
4,suburban,Y,241,0.81,SEC004,125
0,suburban,N,241,0.92,SEC004,125
0,suburban,N,241,0.75,SEC004,125
0,suburban,N,241,0.98,SEC004,125
0,suburban,N,241,0.87,SEC004,125
0,suburban,N,241,0.83,SEC004,125
0,suburban,N,241,0.97,SEC004,125
0,suburban,N,241,0.76,SEC004,125
0,suburban,N,241,0.89,SEC004,125
0,suburban,N,241,0.89,SEC004,125
0,suburban,N,241,0.76,SEC004,125
0,suburban,Y,241,0.77,SEC004,125
7,suburban,N,241,0.8,SEC004,125
5,suburban,N,241,0.77,SEC004,125
0,suburban,N,241,0.82,SEC004,125
0,suburban,N,241,0.82,SEC004,125
0,suburban,N,241,0.96,SEC004,125
0,suburban,N,241,0.95,SEC004,125
6,suburban,N,241,0.76,SEC004,125
0,suburban,Y,241,0.83,SEC004,125
0,suburban,N,241,0.86,SEC004,125
0,suburban,N,241,0.82,SEC004,125
0,suburban,N,241,0.9,SEC004,125
0,suburban,N,241,0.89,SEC004,125
0,suburban,N,241,0.82,SEC004,125
3,suburban,N,241,0.83,SEC004,125
0,suburban,N,241,1.0,SEC004,125
1,suburban,N,241,0.73,SEC004,125
6,suburban,N,241,0.89,SEC004,125
0,suburban,N,241,0.97,SEC004,125
0,suburban,N,241,0.96,SEC004,125
0,suburban,N,241,0.94,SEC004,125
0,suburban,N,241,0.84,SEC004,125
4,suburban,Y,241,0.98,SEC004,125
0,suburban,N,241,0.83,SEC004,125
0,suburban,N,241,0.83,SEC004,125
0,suburban,N,241,0.95,SEC004,125
0,suburban,N,241,0.89,SEC004,125
0,suburban,N,241,0.85,SEC004,125
0,passenger,N,417,0.9,SEC010,109
0,passenger,Y,417,0.72,SEC010,109
0,passenger,N,417,0.87,SEC010,109
0,passenger,N,417,0.93,SEC010,109
0,passenger,N,417,0.74,SEC010,109
0,passenger,N,417,0.91,SEC010,109
0,passenger,N,417,0.88,SEC010,109
0,passenger,N,417,0.92,SEC010,109
0,passenger,N,417,0.78,SEC010,109
0,passenger,N,417,0.97,SEC010,109
14,passenger,N,417,0.86,SEC010,109
0,passenger,N,417,0.79,SEC010,109
11,passenger,N,417,0.85,SEC010,109
8,passenger,N,417,0.88,SEC010,109
0,passenger,Y,417,0.74,SEC010,109
14,passenger,N,417,0.77,SEC010,109
5,passenger,N,417,0.89,SEC010,109
0,passenger,Y,417,0.85,SEC010,109
0,passenger,Y,417,0.95,SEC010,109
0,passenger,N,417,0.8,SEC010,109
0,passenger,N,417,0.8,SEC010,109
0,passenger,N,417,0.77,SEC010,109
21,passenger,N,417,0.79,SEC010,109
0,passenger,Y,417,0.83,SEC010,109
12,passenger,N,417,0.91,SEC010,109
9,passenger,N,417,0.74,SEC010,109
8,passenger,N,417,0.83,SEC010,109
0,passenger,N,417,0.98,SEC010,109
0,passenger,N,417,0.71,SEC010,109
0,passenger,N,417,0.79,SEC010,109
0,passenger,N,417,0.87,SEC010,109
18,passenger,N,417,0.91,SEC010,109
0,passenger,Y,417,0.78,SEC010,109
0,passenger,N,417,0.76,SEC010,109
0,passenger,N,417,0.8,SEC010,109
0,passenger,N,417,0.76,SEC010,109
24,passenger,N,417,0.94,SEC010,109
0,passenger,N,417,0.71,SEC010,109
0,passenger,N,417,0.92,SEC010,109
0,passenger,N,417,0.85,SEC010,109
0,passenger,N,417,1.0,SEC010,109
0,passenger,N,417,0.86,SEC010,109
0,passenger,N,417,0.76,SEC010,109
12,passenger,N,417,0.71,SEC010,109
0,passenger,N,417,0.72,SEC010,109
0,passenger,N,417,0.96,SEC010,109
14,passenger,N,417,0.9,SEC010,109
0,passenger,N,417,0.73,SEC010,109
0,passenger,N,417,0.9,SEC010,109
0,passenger,N,417,0.99,SEC010,109
0,suburban,N,199,0.89,SEC003,131
5,suburban,N,199,0.92,SEC003,131
14,suburban,N,199,0.8999999999999999,SEC003,131
0,suburban,Y,199,0.99,SEC003,131
0,suburban,Y,199,0.8,SEC003,131
11,suburban,N,199,1.0,SEC003,131
0,suburban,N,199,0.9,SEC003,131
0,suburban,N,199,0.91,SEC003,131
0,suburban,N,199,0.81,SEC003,131
0,suburban,N,199,0.84,SEC003,131
0,suburban,N,199,0.88,SEC003,131
7,suburban,N,199,0.96,SEC003,131
0,suburban,N,199,0.81,SEC003,131
0,suburban,Y,199,0.9,SEC003,131
5,suburban,N,199,0.99,SEC003,131
17,suburban,N,199,0.97,SEC003,131
0,suburban,N,199,0.93,SEC003,131
8,suburban,N,199,1.0,SEC003,131
0,suburban,N,199,0.91,SEC003,131
11,suburban,N,199,1.0,SEC003,131
14,suburban,Y,199,1.0,SEC003,131
15,suburban,N,199,1.0,SEC003,131
0,suburban,N,199,0.87,SEC003,131
0,suburban,N,199,0.96,SEC003,131
8,suburban,N,199,1.0,SEC003,131
4,suburban,N,199,0.88,SEC003,131
10,suburban,Y,199,1.0,SEC003,131
0,suburban,N,199,0.91,SEC003,131
0,suburban,N,199,0.74,SEC003,131
0,suburban,N,199,0.87,SEC003,131
6,suburban,Y,199,0.9099999999999999,SEC003,131
10,suburban,N,199,1.0,SEC003,131
0,suburban,Y,199,0.82,SEC003,131
0,suburban,N,199,0.98,SEC003,131
0,suburban,Y,199,0.79,SEC003,131
0,suburban,N,199,0.85,SEC003,131
0,suburban,N,199,0.98,SEC003,131
0,suburban,N,199,0.87,SEC003,131
0,suburban,N,199,0.85,SEC003,131
0,suburban,N,199,0.76,SEC003,131
0,suburban,N,199,0.8,SEC003,131
15,suburban,N,199,1.0,SEC003,131
15,suburban,N,199,1.0,SEC003,131
16,suburban,N,199,0.94,SEC003,131
0,suburban,Y,199,0.71,SEC003,131
14,suburban,N,199,1.0,SEC003,131
13,suburban,N,199,0.99,SEC003,131
16,suburban,Y,199,1.0,SEC003,131
0,suburban,N,199,0.83,SEC003,131
0,suburban,N,199,0.76,SEC003,131
0,freight,N,324,0.9,SEC010,109
0,freight,Y,324,0.78,SEC010,109
5,freight,Y,324,0.95,SEC010,109
0,freight,N,324,0.83,SEC010,109
0,freight,N,324,0.75,SEC010,109
25,freight,N,324,0.74,SEC010,109
40,freight,N,324,0.7,SEC010,109
0,freight,N,324,0.94,SEC010,109
0,freight,N,324,0.96,SEC010,109
25,freight,N,324,0.71,SEC010,109
0,freight,N,324,0.73,SEC010,109
0,freight,N,324,0.75,SEC010,109
0,freight,N,324,0.7,SEC010,109
32,freight,Y,324,0.7,SEC010,109
3,freight,Y,324,0.99,SEC010,109
0,freight,N,324,0.72,SEC010,109
44,freight,N,324,0.79,SEC010,109
0,freight,N,324,0.95,SEC010,109
0,freight,N,324,0.88,SEC010,109
44,freight,N,324,0.78,SEC010,109
20,freight,N,324,0.77,SEC010,109
0,freight,N,324,0.96,SEC010,109
0,freight,N,324,0.88,SEC010,109
24,freight,N,324,0.96,SEC010,109
0,freight,N,324,0.77,SEC010,109
0,freight,N,324,0.76,SEC010,109
0,freight,N,324,0.74,SEC010,109
0,freight,N,324,0.94,SEC010,109
0,freight,N,324,0.96,SEC010,109
0,freight,N,324,0.73,SEC010,109
0,freight,N,324,0.9,SEC010,109
42,freight,N,324,0.76,SEC010,109
0,freight,N,324,0.91,SEC010,109
35,freight,N,324,0.92,SEC010,109
4,freight,Y,324,0.9,SEC010,109
0,freight,N,324,0.94,SEC010,109
0,freight,N,324,0.97,SEC010,109
27,freight,N,324,0.73,SEC010,109
0,freight,N,324,1.0,SEC010,109
38,freight,N,324,0.75,SEC010,109
0,freight,N,324,0.71,SEC010,109
0,freight,N,324,0.79,SEC010,109
0,freight,N,324,0.84,SEC010,109
0,freight,N,324,0.8,SEC010,109
40,freight,N,324,1.0,SEC010,109
0,freight,N,324,0.88,SEC010,109
0,freight,N,324,0.94,SEC010,109
0,freight,N,324,0.93,SEC010,109
0,freight,Y,324,0.75,SEC010,109
22,freight,N,324,0.95,SEC010,109
0,passenger,N,198,0.98,SEC001,73
9,passenger,N,501,0.32,SEC002,105
12,passenger,N,592,0.24000000000000002,SEC003,131
2,passenger,N,263,0.05,SEC004,172
1,passenger,N,287,0.25,SEC005,147
1,passenger,N,321,0.27,SEC006,74
2,passenger,Y,184,0.28,SEC007,136
14,passenger,N,242,0.7,SEC001,73
17,passenger,N,430,0.23,SEC002,105
16,passenger,N,439,0.25,SEC003,131
16,passenger,Y,411,0.84,SEC004,172
25,passenger,N,342,0.21000000000000002,SEC005,147
17,passenger,N,219,0.13,SEC006,74
19,passenger,N,494,0.81,SEC007,136
17,express,N,182,0.89,SEC001,73
19,express,N,520,0.84,SEC002,105
18,express,N,572,0.27,SEC003,131
18,express,Y,396,0.22,SEC004,172
21,express,N,445,0.04,SEC005,147
23,express,N,418,0.27,SEC006,74
22,express,N,569,0.02,SEC007,136
54,express,N,213,0.8625322329401954,SEC001,73
13,express,N,371,0.95,SEC002,105
42,express,N,547,0.7086592666026177,SEC003,131
38,express,N,433,0.948914525529176,SEC004,172
52,express,N,487,0.7112976555266156,SEC005,147
45,express,Y,391,0.8792045884545693,SEC006,74
54,express,Y,214,0.9885158269116467,SEC007,136
14,passenger,N,570,0.24,SEC001,73
14,passenger,N,566,0.04,SEC002,105
13,passenger,N,542,0.0,SEC003,131
21,passenger,N,289,0.39,SEC004,172
15,passenger,N,551,0.13,SEC005,147
14,passenger,Y,262,0.05,SEC006,74
15,passenger,N,371,0.08,SEC007,136
13,passenger,N,264,0.11,SEC001,73
14,passenger,N,380,0.23,SEC002,105
12,passenger,N,529,0.18,SEC003,131
12,passenger,Y,403,0.06,SEC004,172
11,passenger,N,219,0.24,SEC005,147
10,passenger,N,545,0.12,SEC006,74
10,passenger,N,281,0.11,SEC007,136
18,express,N,394,1.0,SEC001,73
11,express,N,483,0.08,SEC002,105
11,express,N,208,0.09,SEC003,131
11,express,N,472,0.18,SEC004,172
11,express,N,452,0.92,SEC005,147
11,express,N,290,0.06,SEC006,74
14,express,N,573,0.13,SEC007,136
9,express,N,398,0.23,SEC001,73
10,express,N,596,0.73,SEC002,105
9,express,Y,515,0.17,SEC003,131
10,express,N,559,0.82,SEC004,172
13,express,N,438,0.25,SEC005,147
14,express,N,258,0.22,SEC006,74
16,express,N,560,0.26,SEC007,136
48,freight,Y,215,0.9859548516188266,SEC001,73
6,freight,N,477,0.29,SEC002,105
23,freight,N,419,0.9423567284707367,SEC003,131
5,freight,N,570,0.0,SEC004,172
5,freight,N,266,0.08,SEC005,147
43,freight,N,504,0.8653075189551764,SEC006,74
41,freight,N,193,0.9049416530129255,SEC007,136
17,passenger,N,219,0.04,SEC001,73
16,passenger,Y,219,0.8,SEC002,105
16,passenger,N,304,0.98,SEC003,131
18,passenger,Y,218,0.75,SEC004,172
20,passenger,N,452,0.24,SEC005,147
32,passenger,N,186,0.31,SEC006,74
19,passenger,N,468,0.73,SEC007,136
15,suburban,Y,392,0.84,SEC001,73
15,suburban,N,586,0.13,SEC002,105
14,suburban,N,291,0.0,SEC003,131
15,suburban,N,279,0.25,SEC004,172
15,suburban,N,598,0.86,SEC005,147
27,suburban,Y,367,0.27,SEC006,74
13,suburban,N,226,0.23,SEC007,136
13,passenger,Y,554,0.79,SEC001,73
27,passenger,N,307,0.34,SEC002,105
27,passenger,N,255,0.39,SEC003,131
25,passenger,N,324,1.0,SEC004,172
18,passenger,N,221,0.93,SEC005,147
20,passenger,N,367,0.14,SEC006,74
20,passenger,Y,401,0.29,SEC007,136
0,passenger,N,501,0.77,SEC001,73
3,passenger,N,302,0.07,SEC002,105
9,passenger,N,546,0.47000000000000003,SEC003,131
6,passenger,N,406,0.06,SEC004,172
6,passenger,N,414,0.09,SEC005,147
9,passenger,N,354,0.13,SEC006,74
10,passenger,N,443,0.85,SEC007,136
14,freight,N,338,0.99,SEC001,73
13,freight,N,376,0.93,SEC002,105
14,freight,N,213,0.06,SEC003,131
27,freight,N,270,0.4,SEC004,172
18,freight,N,463,0.26,SEC005,147
17,freight,Y,433,0.15,SEC006,74
18,freight,N,450,0.02,SEC007,136
9,suburban,N,453,0.89,SEC001,73
9,suburban,N,599,0.27,SEC002,105
18,suburban,N,320,0.34,SEC003,131
6,suburban,N,384,0.2,SEC004,172
9,suburban,N,492,0.91,SEC005,147
12,suburban,N,442,0.94,SEC006,74
14,suburban,N,361,0.19,SEC007,136
2,passenger,N,236,0.09,SEC001,73
2,passenger,Y,365,0.07,SEC002,105
0,passenger,N,332,0.14,SEC003,131
0,passenger,N,259,0.93,SEC004,172
5,passenger,Y,432,0.39,SEC005,147
12,passenger,N,196,0.46,SEC006,74
16,passenger,N,534,0.9099999999999999,SEC007,136
3,express,N,410,0.86,SEC001,73
2,express,Y,333,0.85,SEC002,105
3,express,N,344,0.04,SEC003,131
3,express,N,264,0.28,SEC004,172
5,express,N,199,0.24,SEC005,147
5,express,N,320,0.18,SEC006,74
8,express,N,419,0.26,SEC007,136
3,express,N,359,0.9,SEC001,73
4,express,N,309,0.07,SEC002,105
6,express,N,580,0.2,SEC003,131
9,express,N,255,0.13,SEC004,172
22,express,N,548,0.95,SEC005,147
17,express,N,495,0.30000000000000004,SEC006,74
7,express,N,287,0.97,SEC007,136
13,freight,N,340,0.27,SEC001,73
11,freight,N,532,0.26,SEC002,105
14,freight,N,241,0.94,SEC003,131
15,freight,N,266,0.13,SEC004,172
18,freight,N,408,0.73,SEC005,147
19,freight,N,581,0.8,SEC006,74
20,freight,N,596,0.1,SEC007,136
4,freight,N,335,0.28,SEC001,73
3,freight,N,390,0.2,SEC002,105
5,freight,N,402,0.13,SEC003,131
6,freight,N,338,0.09,SEC004,172
6,freight,N,552,0.2,SEC005,147
9,freight,N,595,0.01,SEC006,74
11,freight,N,303,0.03,SEC007,136
13,passenger,N,412,0.99,SEC001,73
2,passenger,N,600,0.94,SEC002,105
2,passenger,N,359,0.83,SEC003,131
2,passenger,N,212,0.01,SEC004,172
3,passenger,N,545,0.16,SEC005,147
3,passenger,Y,474,0.23,SEC006,74
5,passenger,N,426,0.17,SEC007,136
0,express,N,487,0.9,SEC001,73
0,express,N,370,0.85,SEC002,105
16,express,N,496,0.24000000000000002,SEC003,131
2,express,N,466,0.07,SEC004,172
3,express,N,563,0.11,SEC005,147
3,express,N,594,0.93,SEC006,74
1,express,N,432,0.13,SEC007,136
5,express,N,463,0.14,SEC001,73
7,express,N,273,0.2,SEC002,105
6,express,N,566,0.09,SEC003,131
6,express,N,246,0.09,SEC004,172
18,express,N,315,0.22,SEC005,147
6,express,N,282,0.02,SEC006,74
7,express,N,284,0.16,SEC007,136
0,passenger,N,536,0.16,SEC001,73
0,passenger,N,377,0.16,SEC002,105
15,passenger,N,476,1.0,SEC003,131
0,passenger,N,383,0.76,SEC004,172
0,passenger,N,377,0.85,SEC005,147
0,passenger,Y,449,0.25,SEC006,74
2,passenger,N,187,0.86,SEC007,136
16,suburban,N,447,1.0,SEC001,73
8,suburban,N,556,0.06,SEC002,105
8,suburban,Y,496,0.97,SEC003,131
6,suburban,Y,421,0.25,SEC004,172
52,suburban,Y,354,0.7370762118405326,SEC005,147
10,suburban,N,537,0.91,SEC006,74
9,suburban,Y,312,0.79,SEC007,136
0,express,N,512,0.23,SEC001,73
10,express,N,233,0.36,SEC002,105
6,express,N,343,0.27,SEC003,131
0,express,N,553,0.71,SEC004,172
3,express,N,402,0.19,SEC005,147
1,express,N,555,0.98,SEC006,74
0,express,Y,524,0.74,SEC007,136
0,express,N,511,0.9,SEC001,73
0,express,Y,355,0.25,SEC002,105
0,express,N,192,0.29,SEC003,131
0,express,Y,356,0.77,SEC004,172
0,express,N,290,0.05,SEC005,147
0,express,N,417,0.04,SEC006,74
9,express,N,292,0.27,SEC007,136
0,passenger,N,331,0.21,SEC001,73
0,passenger,N,453,0.2,SEC002,105
0,passenger,N,413,0.94,SEC003,131
0,passenger,N,324,0.02,SEC004,172
2,passenger,N,197,0.89,SEC005,147
11,passenger,N,518,0.43000000000000005,SEC006,74
6,passenger,N,349,0.19,SEC007,136
1,freight,N,263,0.9,SEC001,73
16,freight,N,485,0.21000000000000002,SEC002,105
5,freight,Y,274,0.25,SEC003,131
5,freight,Y,340,0.76,SEC004,172
5,freight,N,227,0.16,SEC005,147
19,freight,N,222,0.25,SEC006,74
10,freight,N,468,0.98,SEC007,136
0,freight,Y,222,0.24,SEC001,73
0,freight,N,467,1.0,SEC002,105
1,freight,N,263,0.09,SEC003,131
2,freight,N,260,0.93,SEC004,172
12,freight,N,533,0.96,SEC005,147
6,freight,N,517,0.85,SEC006,74
8,freight,N,385,0.25,SEC007,136
15,freight,Y,525,0.07,SEC001,73
16,freight,N,424,0.09,SEC002,105
16,freight,Y,431,0.13,SEC003,131
16,freight,N,464,0.86,SEC004,172
15,freight,N,227,0.11,SEC005,147
22,freight,N,334,1.0,SEC006,74
14,freight,N,331,0.71,SEC007,136
4,suburban,N,414,0.97,SEC001,73
2,suburban,N,332,0.14,SEC002,105
2,suburban,N,517,0.83,SEC003,131
5,suburban,N,243,0.15,SEC004,172
5,suburban,N,191,0.93,SEC005,147
5,suburban,N,309,0.99,SEC006,74
4,suburban,N,200,0.06,SEC007,136
17,express,N,498,0.18,SEC001,73
17,express,N,553,0.2,SEC002,105
18,express,N,350,0.08,SEC003,131
18,express,N,211,0.11,SEC004,172
17,express,N,222,0.91,SEC005,147
31,express,N,220,0.28,SEC006,74
18,express,N,461,0.14,SEC007,136
8,suburban,N,268,0.0,SEC001,73
10,suburban,N,588,0.97,SEC002,105
9,suburban,N,368,0.13,SEC003,131
7,suburban,N,337,0.96,SEC004,172
10,suburban,N,505,0.93,SEC005,147
11,suburban,N,247,0.25,SEC006,74
14,suburban,N,349,0.11,SEC007,136
8,suburban,Y,255,0.07,SEC001,73
11,suburban,N,307,0.13,SEC002,105
11,suburban,N,361,0.97,SEC003,131
14,suburban,N,379,0.13,SEC004,172
15,suburban,Y,409,0.25,SEC005,147
15,suburban,N,360,0.24,SEC006,74
17,suburban,N,265,0.87,SEC007,136
0,freight,Y,348,0.7,SEC001,73
2,freight,N,181,0.88,SEC002,105
3,freight,N,530,0.03,SEC003,131
19,freight,N,261,1.0,SEC004,172
3,freight,N,367,0.14,SEC005,147
3,freight,N,418,0.14,SEC006,74
6,freight,Y,413,0.1,SEC007,136
0,express,N,546,0.06,SEC001,73
0,express,N,593,0.29,SEC002,105
3,express,N,511,0.27,SEC003,131
12,express,N,326,1.0,SEC004,172
16,express,N,595,1.0,SEC005,147
8,express,N,274,0.28,SEC006,74
9,express,N,417,0.11,SEC007,136
15,passenger,N,541,0.78,SEC001,73
16,passenger,N,422,0.72,SEC002,105
17,passenger,N,485,0.27,SEC003,131
24,passenger,N,370,0.35,SEC004,172
16,passenger,N,525,0.24,SEC005,147
18,passenger,N,424,0.25,SEC006,74
21,passenger,N,230,0.21,SEC007,136
4,express,Y,456,0.89,SEC001,73
2,express,N,556,0.77,SEC002,105
9,express,N,584,1.0,SEC003,131
14,express,N,193,0.27,SEC004,172
3,express,N,536,0.08,SEC005,147
3,express,N,296,0.11,SEC006,74
4,express,Y,574,0.26,SEC007,136
0,suburban,N,483,0.97,SEC001,73
1,suburban,N,246,0.21,SEC002,105
2,suburban,N,326,0.17,SEC003,131
3,suburban,N,548,0.18,SEC004,172
2,suburban,N,254,0.12,SEC005,147
2,suburban,N,309,0.29,SEC006,74
3,suburban,N,262,0.71,SEC007,136
0,passenger,N,377,0.12,SEC001,73
0,passenger,N,294,0.11,SEC002,105
3,passenger,N,566,0.18,SEC003,131
3,passenger,Y,300,0.02,SEC004,172
14,passenger,N,412,0.22,SEC005,147
4,passenger,N,432,0.09,SEC006,74
17,passenger,N,198,0.44,SEC007,136
29,express,N,407,0.8671345829195407,SEC001,73
36,express,N,397,0.7735824700482464,SEC002,105
47,express,N,541,0.744010313929387,SEC003,131
43,express,N,385,0.7712282270541909,SEC004,172
2,express,N,238,0.02,SEC005,147
29,express,N,543,0.7460907672866881,SEC006,74
53,express,N,390,0.9085873264657102,SEC007,136
3,suburban,N,319,0.17,SEC001,73
3,suburban,N,560,0.92,SEC002,105
11,suburban,N,274,1.0,SEC003,131
9,suburban,N,425,0.22,SEC004,172
0,suburban,N,481,0.07,SEC005,147
0,suburban,N,432,0.73,SEC006,74
0,suburban,N,342,0.18,SEC007,136
0,suburban,N,492,0.0,SEC001,73
0,suburban,N,274,0.18,SEC002,105
0,suburban,N,587,0.2,SEC003,131
0,suburban,N,442,0.94,SEC004,172
0,suburban,N,188,0.8,SEC005,147
2,suburban,N,405,0.94,SEC006,74
2,suburban,N,526,1.0,SEC007,136
4,freight,N,352,0.15,SEC001,73
2,freight,N,455,0.2,SEC002,105
1,freight,Y,199,0.75,SEC003,131
0,freight,N,493,0.23,SEC004,172
11,freight,N,490,0.47000000000000003,SEC005,147
0,freight,Y,597,0.03,SEC006,74
1,freight,N,293,0.27,SEC007,136
0,freight,N,440,0.11,SEC001,73
0,freight,N,369,0.98,SEC002,105
0,freight,N,300,0.01,SEC003,131
13,freight,N,512,0.42000000000000004,SEC004,172
2,freight,Y,404,0.82,SEC005,147
5,freight,N,448,0.19,SEC006,74
8,freight,N,297,0.85,SEC007,136
0,freight,N,275,0.89,SEC001,73
12,freight,N,264,0.33,SEC002,105
5,freight,N,342,0.83,SEC003,131
5,freight,N,481,0.83,SEC004,172
5,freight,N,523,0.28,SEC005,147
11,freight,N,483,0.29000000000000004,SEC006,74
5,freight,N,506,0.28,SEC007,136
0,passenger,N,485,0.06,SEC001,73
0,passenger,N,437,0.21,SEC002,105
1,passenger,N,183,0.23,SEC003,131
0,passenger,N,547,0.08,SEC004,172
0,passenger,N,205,0.28,SEC005,147
7,passenger,N,467,0.30000000000000004,SEC006,74
3,passenger,N,385,0.23,SEC007,136
17,suburban,Y,379,0.43000000000000005,SEC001,73
11,suburban,N,235,0.05,SEC002,105
27,suburban,Y,215,0.46,SEC003,131
14,suburban,Y,270,0.73,SEC004,172
17,suburban,N,192,0.08,SEC005,147
22,suburban,N,365,0.24000000000000002,SEC006,74
16,suburban,N,559,0.74,SEC007,136
17,suburban,N,385,0.98,SEC001,73
23,suburban,N,389,0.49,SEC002,105
32,suburban,N,485,0.98,SEC003,131
27,suburban,N,501,1.0,SEC004,172
17,suburban,N,589,0.23,SEC005,147
17,suburban,N,245,0.13,SEC006,74
18,suburban,N,215,0.87,SEC007,136
